"Message","Id","Version","Qualifiers","Level","Task","Opcode","Keywords","RecordId","ProviderName","ProviderId","LogName","ProcessId","ThreadId","MachineName","UserId","TimeCreated","ActivityId","RelatedActivityId","ContainerLog","MatchedQueryIds","Bookmark","LevelDisplayName","OpcodeDisplayName","TaskDisplayName","KeywordsDisplayNames","Properties"
"Internal event: Online Defragment Start succeeded. 
 
Duration in seconds:3600 
","3027","0","16384","4","6","0","-9187343239835811840","389","Microsoft-Windows-ActiveDirectory_DomainService","0e8478c5-3605-4e8c-8497-1e730c959516","Directory Service","828","1000","DC300133071.DC300133071-00.local","S-1-5-7","11/2/2025 10:21:11 PM",,,"Directory Service","System.UInt32[]","System.Diagnostics.Eventing.Reader.EventBookmark","Information",,"Garbage Collection","System.Collections.ObjectModel.ReadOnlyCollection`1[System.String]","System.Collections.Generic.List`1[System.Diagnostics.Eventing.Reader.EventProperty]"
"Internal event: Online Defragment Stop invoked but defrag was not running.","3033","0","16384","4","6","0","-9187343239835811840","388","Microsoft-Windows-ActiveDirectory_DomainService","0e8478c5-3605-4e8c-8497-1e730c959516","Directory Service","828","1000","DC300133071.DC300133071-00.local","S-1-5-7","11/2/2025 10:21:11 PM",,,"Directory Service","System.UInt32[]","System.Diagnostics.Eventing.Reader.EventBookmark","Information",,"Garbage Collection","System.Collections.ObjectModel.ReadOnlyCollection`1[System.String]","System.Collections.Generic.List`1[System.Diagnostics.Eventing.Reader.EventProperty]"
"NTDS (828,D,0) NTDSA: Online defragmentation has completed a full pass on database 'C:\Windows\NTDS\ntds.dit', freeing 0 pages. This pass started on 11/2/2025 and ran for a total of 0 seconds, requiring 1 invocations over 1 days. Since the database was created it has been fully defragmented 57 times.","701","0","0","4","10","0","36028797018963968","387","NTDS ISAM",,"Directory Service","0","0","DC300133071.DC300133071-00.local",,"11/2/2025 10:21:11 PM",,,"Directory Service","System.UInt32[]","System.Diagnostics.Eventing.Reader.EventBookmark","Information","Info","Performance","System.Collections.ObjectModel.ReadOnlyCollection`1[System.String]","System.Collections.Generic.List`1[System.Diagnostics.Eventing.Reader.EventProperty]"
"NTDS (828,D,0) NTDSA: Online defragmentation is beginning a full pass on database 'C:\Windows\NTDS\ntds.dit'.","700","0","0","4","10","0","36028797018963968","386","NTDS ISAM",,"Directory Service","0","0","DC300133071.DC300133071-00.local",,"11/2/2025 10:21:11 PM",,,"Directory Service","System.UInt32[]","System.Diagnostics.Eventing.Reader.EventBookmark","Information","Info","Performance","System.Collections.ObjectModel.ReadOnlyCollection`1[System.String]","System.Collections.Generic.List`1[System.Diagnostics.Eventing.Reader.EventProperty]"
"Internal event: The Address Book hierarchy table has been rebuilt.","1162","0","16384","4","9","0","-9187343239835811840","385","Microsoft-Windows-ActiveDirectory_DomainService","0e8478c5-3605-4e8c-8497-1e730c959516","Directory Service","828","1000","DC300133071.DC300133071-00.local","S-1-5-7","11/2/2025 10:06:10 PM",,,"Directory Service","System.UInt32[]","System.Diagnostics.Eventing.Reader.EventBookmark","Information",,"Internal Processing","System.Collections.ObjectModel.ReadOnlyCollection`1[System.String]","System.Collections.Generic.List`1[System.Diagnostics.Eventing.Reader.EventProperty]"
"Internal event: Online Defragment Start succeeded. 
 
Duration in seconds:3600 
","3027","0","16384","4","6","0","-9187343239835811840","384","Microsoft-Windows-ActiveDirectory_DomainService","0e8478c5-3605-4e8c-8497-1e730c959516","Directory Service","828","1000","DC300133071.DC300133071-00.local","S-1-5-7","11/2/2025 10:21:12 AM",,,"Directory Service","System.UInt32[]","System.Diagnostics.Eventing.Reader.EventBookmark","Information",,"Garbage Collection","System.Collections.ObjectModel.ReadOnlyCollection`1[System.String]","System.Collections.Generic.List`1[System.Diagnostics.Eventing.Reader.EventProperty]"
"Internal event: Online Defragment Stop invoked but defrag was not running.","3033","0","16384","4","6","0","-9187343239835811840","383","Microsoft-Windows-ActiveDirectory_DomainService","0e8478c5-3605-4e8c-8497-1e730c959516","Directory Service","828","1000","DC300133071.DC300133071-00.local","S-1-5-7","11/2/2025 10:21:12 AM",,,"Directory Service","System.UInt32[]","System.Diagnostics.Eventing.Reader.EventBookmark","Information",,"Garbage Collection","System.Collections.ObjectModel.ReadOnlyCollection`1[System.String]","System.Collections.Generic.List`1[System.Diagnostics.Eventing.Reader.EventProperty]"
"NTDS (828,D,0) NTDSA: Online defragmentation has completed a full pass on database 'C:\Windows\NTDS\ntds.dit', freeing 0 pages. This pass started on 11/2/2025 and ran for a total of 0 seconds, requiring 1 invocations over 1 days. Since the database was created it has been fully defragmented 56 times.","701","0","0","4","10","0","36028797018963968","382","NTDS ISAM",,"Directory Service","0","0","DC300133071.DC300133071-00.local",,"11/2/2025 10:21:12 AM",,,"Directory Service","System.UInt32[]","System.Diagnostics.Eventing.Reader.EventBookmark","Information","Info","Performance","System.Collections.ObjectModel.ReadOnlyCollection`1[System.String]","System.Collections.Generic.List`1[System.Diagnostics.Eventing.Reader.EventProperty]"
"NTDS (828,D,0) NTDSA: Online defragmentation is beginning a full pass on database 'C:\Windows\NTDS\ntds.dit'.","700","0","0","4","10","0","36028797018963968","381","NTDS ISAM",,"Directory Service","0","0","DC300133071.DC300133071-00.local",,"11/2/2025 10:21:12 AM",,,"Directory Service","System.UInt32[]","System.Diagnostics.Eventing.Reader.EventBookmark","Information","Info","Performance","System.Collections.ObjectModel.ReadOnlyCollection`1[System.String]","System.Collections.Generic.List`1[System.Diagnostics.Eventing.Reader.EventProperty]"
"Internal event: The Address Book hierarchy table has been rebuilt.","1162","0","16384","4","9","0","-9187343239835811840","380","Microsoft-Windows-ActiveDirectory_DomainService","0e8478c5-3605-4e8c-8497-1e730c959516","Directory Service","828","1000","DC300133071.DC300133071-00.local","S-1-5-7","11/2/2025 10:06:11 AM",,,"Directory Service","System.UInt32[]","System.Diagnostics.Eventing.Reader.EventBookmark","Information",,"Internal Processing","System.Collections.ObjectModel.ReadOnlyCollection`1[System.String]","System.Collections.Generic.List`1[System.Diagnostics.Eventing.Reader.EventProperty]"
"The security of this directory server can be significantly enhanced by configuring the server to enforce  validation of Channel Binding Tokens received in LDAP bind requests sent over LDAPS connections. Even if  no clients are issuing LDAP bind requests over LDAPS, configuring the server to validate Channel Binding  Tokens will improve the security of this server. 
 
For more details and information on how to make this configuration change to the server, please see https://go.microsoft.com/fwlink/?linkid=2102405.","3041","0","32768","3","16","0","-9187343239835811840","379","Microsoft-Windows-ActiveDirectory_DomainService","0e8478c5-3605-4e8c-8497-1e730c959516","Directory Service","828","1000","DC300133071.DC300133071-00.local","S-1-5-7","11/2/2025 10:06:11 AM",,,"Directory Service","System.UInt32[]","System.Diagnostics.Eventing.Reader.EventBookmark","Warning",,"LDAP Interface","System.Collections.ObjectModel.ReadOnlyCollection`1[System.String]","System.Collections.Generic.List`1[System.Diagnostics.Eventing.Reader.EventProperty]"
"Internal event: Online Defragment Start succeeded. 
 
Duration in seconds:3600 
","3027","0","16384","4","6","0","-9187343239835811840","378","Microsoft-Windows-ActiveDirectory_DomainService","0e8478c5-3605-4e8c-8497-1e730c959516","Directory Service","828","1000","DC300133071.DC300133071-00.local","S-1-5-7","11/1/2025 11:21:13 PM",,,"Directory Service","System.UInt32[]","System.Diagnostics.Eventing.Reader.EventBookmark","Information",,"Garbage Collection","System.Collections.ObjectModel.ReadOnlyCollection`1[System.String]","System.Collections.Generic.List`1[System.Diagnostics.Eventing.Reader.EventProperty]"
"Internal event: Online Defragment Stop invoked but defrag was not running.","3033","0","16384","4","6","0","-9187343239835811840","377","Microsoft-Windows-ActiveDirectory_DomainService","0e8478c5-3605-4e8c-8497-1e730c959516","Directory Service","828","1000","DC300133071.DC300133071-00.local","S-1-5-7","11/1/2025 11:21:13 PM",,,"Directory Service","System.UInt32[]","System.Diagnostics.Eventing.Reader.EventBookmark","Information",,"Garbage Collection","System.Collections.ObjectModel.ReadOnlyCollection`1[System.String]","System.Collections.Generic.List`1[System.Diagnostics.Eventing.Reader.EventProperty]"
"NTDS (828,D,0) NTDSA: Online defragmentation has completed a full pass on database 'C:\Windows\NTDS\ntds.dit', freeing 0 pages. This pass started on 11/1/2025 and ran for a total of 0 seconds, requiring 1 invocations over 1 days. Since the database was created it has been fully defragmented 55 times.","701","0","0","4","10","0","36028797018963968","376","NTDS ISAM",,"Directory Service","0","0","DC300133071.DC300133071-00.local",,"11/1/2025 11:21:13 PM",,,"Directory Service","System.UInt32[]","System.Diagnostics.Eventing.Reader.EventBookmark","Information","Info","Performance","System.Collections.ObjectModel.ReadOnlyCollection`1[System.String]","System.Collections.Generic.List`1[System.Diagnostics.Eventing.Reader.EventProperty]"
"NTDS (828,D,0) NTDSA: Online defragmentation is beginning a full pass on database 'C:\Windows\NTDS\ntds.dit'.","700","0","0","4","10","0","36028797018963968","375","NTDS ISAM",,"Directory Service","0","0","DC300133071.DC300133071-00.local",,"11/1/2025 11:21:13 PM",,,"Directory Service","System.UInt32[]","System.Diagnostics.Eventing.Reader.EventBookmark","Information","Info","Performance","System.Collections.ObjectModel.ReadOnlyCollection`1[System.String]","System.Collections.Generic.List`1[System.Diagnostics.Eventing.Reader.EventProperty]"
"Internal event: The Address Book hierarchy table has been rebuilt.","1162","0","16384","4","9","0","-9187343239835811840","374","Microsoft-Windows-ActiveDirectory_DomainService","0e8478c5-3605-4e8c-8497-1e730c959516","Directory Service","828","1000","DC300133071.DC300133071-00.local","S-1-5-7","11/1/2025 11:06:12 PM",,,"Directory Service","System.UInt32[]","System.Diagnostics.Eventing.Reader.EventBookmark","Information",,"Internal Processing","System.Collections.ObjectModel.ReadOnlyCollection`1[System.String]","System.Collections.Generic.List`1[System.Diagnostics.Eventing.Reader.EventProperty]"
"Internal event: Online Defragment Start succeeded. 
 
Duration in seconds:3600 
","3027","0","16384","4","6","0","-9187343239835811840","373","Microsoft-Windows-ActiveDirectory_DomainService","0e8478c5-3605-4e8c-8497-1e730c959516","Directory Service","828","1000","DC300133071.DC300133071-00.local","S-1-5-7","11/1/2025 11:21:13 AM",,,"Directory Service","System.UInt32[]","System.Diagnostics.Eventing.Reader.EventBookmark","Information",,"Garbage Collection","System.Collections.ObjectModel.ReadOnlyCollection`1[System.String]","System.Collections.Generic.List`1[System.Diagnostics.Eventing.Reader.EventProperty]"
"Internal event: Online Defragment Stop invoked but defrag was not running.","3033","0","16384","4","6","0","-9187343239835811840","372","Microsoft-Windows-ActiveDirectory_DomainService","0e8478c5-3605-4e8c-8497-1e730c959516","Directory Service","828","1000","DC300133071.DC300133071-00.local","S-1-5-7","11/1/2025 11:21:13 AM",,,"Directory Service","System.UInt32[]","System.Diagnostics.Eventing.Reader.EventBookmark","Information",,"Garbage Collection","System.Collections.ObjectModel.ReadOnlyCollection`1[System.String]","System.Collections.Generic.List`1[System.Diagnostics.Eventing.Reader.EventProperty]"
"NTDS (828,D,0) NTDSA: Online defragmentation has completed a full pass on database 'C:\Windows\NTDS\ntds.dit', freeing 0 pages. This pass started on 11/1/2025 and ran for a total of 0 seconds, requiring 1 invocations over 1 days. Since the database was created it has been fully defragmented 54 times.","701","0","0","4","10","0","36028797018963968","371","NTDS ISAM",,"Directory Service","0","0","DC300133071.DC300133071-00.local",,"11/1/2025 11:21:13 AM",,,"Directory Service","System.UInt32[]","System.Diagnostics.Eventing.Reader.EventBookmark","Information","Info","Performance","System.Collections.ObjectModel.ReadOnlyCollection`1[System.String]","System.Collections.Generic.List`1[System.Diagnostics.Eventing.Reader.EventProperty]"
"NTDS (828,D,0) NTDSA: Online defragmentation is beginning a full pass on database 'C:\Windows\NTDS\ntds.dit'.","700","0","0","4","10","0","36028797018963968","370","NTDS ISAM",,"Directory Service","0","0","DC300133071.DC300133071-00.local",,"11/1/2025 11:21:13 AM",,,"Directory Service","System.UInt32[]","System.Diagnostics.Eventing.Reader.EventBookmark","Information","Info","Performance","System.Collections.ObjectModel.ReadOnlyCollection`1[System.String]","System.Collections.Generic.List`1[System.Diagnostics.Eventing.Reader.EventProperty]"
"Internal event: The Address Book hierarchy table has been rebuilt.","1162","0","16384","4","9","0","-9187343239835811840","369","Microsoft-Windows-ActiveDirectory_DomainService","0e8478c5-3605-4e8c-8497-1e730c959516","Directory Service","828","1000","DC300133071.DC300133071-00.local","S-1-5-7","11/1/2025 11:06:13 AM",,,"Directory Service","System.UInt32[]","System.Diagnostics.Eventing.Reader.EventBookmark","Information",,"Internal Processing","System.Collections.ObjectModel.ReadOnlyCollection`1[System.String]","System.Collections.Generic.List`1[System.Diagnostics.Eventing.Reader.EventProperty]"
"The security of this directory server can be significantly enhanced by configuring the server to enforce  validation of Channel Binding Tokens received in LDAP bind requests sent over LDAPS connections. Even if  no clients are issuing LDAP bind requests over LDAPS, configuring the server to validate Channel Binding  Tokens will improve the security of this server. 
 
For more details and information on how to make this configuration change to the server, please see https://go.microsoft.com/fwlink/?linkid=2102405.","3041","0","32768","3","16","0","-9187343239835811840","368","Microsoft-Windows-ActiveDirectory_DomainService","0e8478c5-3605-4e8c-8497-1e730c959516","Directory Service","828","1000","DC300133071.DC300133071-00.local","S-1-5-7","11/1/2025 11:06:13 AM",,,"Directory Service","System.UInt32[]","System.Diagnostics.Eventing.Reader.EventBookmark","Warning",,"LDAP Interface","System.Collections.ObjectModel.ReadOnlyCollection`1[System.String]","System.Collections.Generic.List`1[System.Diagnostics.Eventing.Reader.EventProperty]"
"Internal event: Online Defragment Start succeeded. 
 
Duration in seconds:3600 
","3027","0","16384","4","6","0","-9187343239835811840","367","Microsoft-Windows-ActiveDirectory_DomainService","0e8478c5-3605-4e8c-8497-1e730c959516","Directory Service","828","1000","DC300133071.DC300133071-00.local","S-1-5-7","10/31/2025 11:20:17 PM",,,"Directory Service","System.UInt32[]","System.Diagnostics.Eventing.Reader.EventBookmark","Information",,"Garbage Collection","System.Collections.ObjectModel.ReadOnlyCollection`1[System.String]","System.Collections.Generic.List`1[System.Diagnostics.Eventing.Reader.EventProperty]"
"Internal event: Online Defragment Stop invoked but defrag was not running.","3033","0","16384","4","6","0","-9187343239835811840","366","Microsoft-Windows-ActiveDirectory_DomainService","0e8478c5-3605-4e8c-8497-1e730c959516","Directory Service","828","1000","DC300133071.DC300133071-00.local","S-1-5-7","10/31/2025 11:20:17 PM",,,"Directory Service","System.UInt32[]","System.Diagnostics.Eventing.Reader.EventBookmark","Information",,"Garbage Collection","System.Collections.ObjectModel.ReadOnlyCollection`1[System.String]","System.Collections.Generic.List`1[System.Diagnostics.Eventing.Reader.EventProperty]"
"NTDS (828,D,0) NTDSA: Online defragmentation has completed a full pass on database 'C:\Windows\NTDS\ntds.dit', freeing 0 pages. This pass started on 10/31/2025 and ran for a total of 0 seconds, requiring 1 invocations over 1 days. Since the database was created it has been fully defragmented 53 times.","701","0","0","4","10","0","36028797018963968","365","NTDS ISAM",,"Directory Service","0","0","DC300133071.DC300133071-00.local",,"10/31/2025 11:20:17 PM",,,"Directory Service","System.UInt32[]","System.Diagnostics.Eventing.Reader.EventBookmark","Information","Info","Performance","System.Collections.ObjectModel.ReadOnlyCollection`1[System.String]","System.Collections.Generic.List`1[System.Diagnostics.Eventing.Reader.EventProperty]"
"NTDS (828,D,0) NTDSA: Online defragmentation is beginning a full pass on database 'C:\Windows\NTDS\ntds.dit'.","700","0","0","4","10","0","36028797018963968","364","NTDS ISAM",,"Directory Service","0","0","DC300133071.DC300133071-00.local",,"10/31/2025 11:20:17 PM",,,"Directory Service","System.UInt32[]","System.Diagnostics.Eventing.Reader.EventBookmark","Information","Info","Performance","System.Collections.ObjectModel.ReadOnlyCollection`1[System.String]","System.Collections.Generic.List`1[System.Diagnostics.Eventing.Reader.EventProperty]"
"Internal event: The Address Book hierarchy table has been rebuilt.","1162","0","16384","4","9","0","-9187343239835811840","363","Microsoft-Windows-ActiveDirectory_DomainService","0e8478c5-3605-4e8c-8497-1e730c959516","Directory Service","828","1000","DC300133071.DC300133071-00.local","S-1-5-7","10/31/2025 11:05:17 PM",,,"Directory Service","System.UInt32[]","System.Diagnostics.Eventing.Reader.EventBookmark","Information",,"Internal Processing","System.Collections.ObjectModel.ReadOnlyCollection`1[System.String]","System.Collections.Generic.List`1[System.Diagnostics.Eventing.Reader.EventProperty]"
"Internal event: Online Defragment Start succeeded. 
 
Duration in seconds:3600 
","3027","0","16384","4","6","0","-9187343239835811840","362","Microsoft-Windows-ActiveDirectory_DomainService","0e8478c5-3605-4e8c-8497-1e730c959516","Directory Service","828","1000","DC300133071.DC300133071-00.local","S-1-5-7","10/31/2025 11:20:18 AM",,,"Directory Service","System.UInt32[]","System.Diagnostics.Eventing.Reader.EventBookmark","Information",,"Garbage Collection","System.Collections.ObjectModel.ReadOnlyCollection`1[System.String]","System.Collections.Generic.List`1[System.Diagnostics.Eventing.Reader.EventProperty]"
"Internal event: Online Defragment Stop invoked but defrag was not running.","3033","0","16384","4","6","0","-9187343239835811840","361","Microsoft-Windows-ActiveDirectory_DomainService","0e8478c5-3605-4e8c-8497-1e730c959516","Directory Service","828","1000","DC300133071.DC300133071-00.local","S-1-5-7","10/31/2025 11:20:18 AM",,,"Directory Service","System.UInt32[]","System.Diagnostics.Eventing.Reader.EventBookmark","Information",,"Garbage Collection","System.Collections.ObjectModel.ReadOnlyCollection`1[System.String]","System.Collections.Generic.List`1[System.Diagnostics.Eventing.Reader.EventProperty]"
"NTDS (828,D,0) NTDSA: Online defragmentation has completed a full pass on database 'C:\Windows\NTDS\ntds.dit', freeing 0 pages. This pass started on 10/31/2025 and ran for a total of 0 seconds, requiring 1 invocations over 1 days. Since the database was created it has been fully defragmented 52 times.","701","0","0","4","10","0","36028797018963968","360","NTDS ISAM",,"Directory Service","0","0","DC300133071.DC300133071-00.local",,"10/31/2025 11:20:18 AM",,,"Directory Service","System.UInt32[]","System.Diagnostics.Eventing.Reader.EventBookmark","Information","Info","Performance","System.Collections.ObjectModel.ReadOnlyCollection`1[System.String]","System.Collections.Generic.List`1[System.Diagnostics.Eventing.Reader.EventProperty]"
"NTDS (828,D,0) NTDSA: Online defragmentation is beginning a full pass on database 'C:\Windows\NTDS\ntds.dit'.","700","0","0","4","10","0","36028797018963968","359","NTDS ISAM",,"Directory Service","0","0","DC300133071.DC300133071-00.local",,"10/31/2025 11:20:18 AM",,,"Directory Service","System.UInt32[]","System.Diagnostics.Eventing.Reader.EventBookmark","Information","Info","Performance","System.Collections.ObjectModel.ReadOnlyCollection`1[System.String]","System.Collections.Generic.List`1[System.Diagnostics.Eventing.Reader.EventProperty]"
"Internal event: The Address Book hierarchy table has been rebuilt.","1162","0","16384","4","9","0","-9187343239835811840","358","Microsoft-Windows-ActiveDirectory_DomainService","0e8478c5-3605-4e8c-8497-1e730c959516","Directory Service","828","1000","DC300133071.DC300133071-00.local","S-1-5-7","10/31/2025 11:05:17 AM",,,"Directory Service","System.UInt32[]","System.Diagnostics.Eventing.Reader.EventBookmark","Information",,"Internal Processing","System.Collections.ObjectModel.ReadOnlyCollection`1[System.String]","System.Collections.Generic.List`1[System.Diagnostics.Eventing.Reader.EventProperty]"
"The security of this directory server can be significantly enhanced by configuring the server to enforce  validation of Channel Binding Tokens received in LDAP bind requests sent over LDAPS connections. Even if  no clients are issuing LDAP bind requests over LDAPS, configuring the server to validate Channel Binding  Tokens will improve the security of this server. 
 
For more details and information on how to make this configuration change to the server, please see https://go.microsoft.com/fwlink/?linkid=2102405.","3041","0","32768","3","16","0","-9187343239835811840","357","Microsoft-Windows-ActiveDirectory_DomainService","0e8478c5-3605-4e8c-8497-1e730c959516","Directory Service","828","1000","DC300133071.DC300133071-00.local","S-1-5-7","10/31/2025 11:05:17 AM",,,"Directory Service","System.UInt32[]","System.Diagnostics.Eventing.Reader.EventBookmark","Warning",,"LDAP Interface","System.Collections.ObjectModel.ReadOnlyCollection`1[System.String]","System.Collections.Generic.List`1[System.Diagnostics.Eventing.Reader.EventProperty]"
"Internal event: Online Defragment Start succeeded. 
 
Duration in seconds:3600 
","3027","0","16384","4","6","0","-9187343239835811840","356","Microsoft-Windows-ActiveDirectory_DomainService","0e8478c5-3605-4e8c-8497-1e730c959516","Directory Service","828","1000","DC300133071.DC300133071-00.local","S-1-5-7","10/30/2025 11:20:18 PM",,,"Directory Service","System.UInt32[]","System.Diagnostics.Eventing.Reader.EventBookmark","Information",,"Garbage Collection","System.Collections.ObjectModel.ReadOnlyCollection`1[System.String]","System.Collections.Generic.List`1[System.Diagnostics.Eventing.Reader.EventProperty]"
"Internal event: Online Defragment Stop invoked but defrag was not running.","3033","0","16384","4","6","0","-9187343239835811840","355","Microsoft-Windows-ActiveDirectory_DomainService","0e8478c5-3605-4e8c-8497-1e730c959516","Directory Service","828","1000","DC300133071.DC300133071-00.local","S-1-5-7","10/30/2025 11:20:18 PM",,,"Directory Service","System.UInt32[]","System.Diagnostics.Eventing.Reader.EventBookmark","Information",,"Garbage Collection","System.Collections.ObjectModel.ReadOnlyCollection`1[System.String]","System.Collections.Generic.List`1[System.Diagnostics.Eventing.Reader.EventProperty]"
"NTDS (828,D,0) NTDSA: Online defragmentation has completed a full pass on database 'C:\Windows\NTDS\ntds.dit', freeing 0 pages. This pass started on 10/30/2025 and ran for a total of 0 seconds, requiring 1 invocations over 1 days. Since the database was created it has been fully defragmented 51 times.","701","0","0","4","10","0","36028797018963968","354","NTDS ISAM",,"Directory Service","0","0","DC300133071.DC300133071-00.local",,"10/30/2025 11:20:19 PM",,,"Directory Service","System.UInt32[]","System.Diagnostics.Eventing.Reader.EventBookmark","Information","Info","Performance","System.Collections.ObjectModel.ReadOnlyCollection`1[System.String]","System.Collections.Generic.List`1[System.Diagnostics.Eventing.Reader.EventProperty]"
"NTDS (828,D,0) NTDSA: Online defragmentation is beginning a full pass on database 'C:\Windows\NTDS\ntds.dit'.","700","0","0","4","10","0","36028797018963968","353","NTDS ISAM",,"Directory Service","0","0","DC300133071.DC300133071-00.local",,"10/30/2025 11:20:18 PM",,,"Directory Service","System.UInt32[]","System.Diagnostics.Eventing.Reader.EventBookmark","Information","Info","Performance","System.Collections.ObjectModel.ReadOnlyCollection`1[System.String]","System.Collections.Generic.List`1[System.Diagnostics.Eventing.Reader.EventProperty]"
"Internal event: The Address Book hierarchy table has been rebuilt.","1162","0","16384","4","9","0","-9187343239835811840","352","Microsoft-Windows-ActiveDirectory_DomainService","0e8478c5-3605-4e8c-8497-1e730c959516","Directory Service","828","1000","DC300133071.DC300133071-00.local","S-1-5-7","10/30/2025 11:05:18 PM",,,"Directory Service","System.UInt32[]","System.Diagnostics.Eventing.Reader.EventBookmark","Information",,"Internal Processing","System.Collections.ObjectModel.ReadOnlyCollection`1[System.String]","System.Collections.Generic.List`1[System.Diagnostics.Eventing.Reader.EventProperty]"
"Internal event: Online Defragment Start succeeded. 
 
Duration in seconds:3600 
","3027","0","16384","4","6","0","-9187343239835811840","351","Microsoft-Windows-ActiveDirectory_DomainService","0e8478c5-3605-4e8c-8497-1e730c959516","Directory Service","828","1000","DC300133071.DC300133071-00.local","S-1-5-7","10/30/2025 11:20:19 AM",,,"Directory Service","System.UInt32[]","System.Diagnostics.Eventing.Reader.EventBookmark","Information",,"Garbage Collection","System.Collections.ObjectModel.ReadOnlyCollection`1[System.String]","System.Collections.Generic.List`1[System.Diagnostics.Eventing.Reader.EventProperty]"
"Internal event: Online Defragment Stop invoked but defrag was not running.","3033","0","16384","4","6","0","-9187343239835811840","350","Microsoft-Windows-ActiveDirectory_DomainService","0e8478c5-3605-4e8c-8497-1e730c959516","Directory Service","828","1000","DC300133071.DC300133071-00.local","S-1-5-7","10/30/2025 11:20:19 AM",,,"Directory Service","System.UInt32[]","System.Diagnostics.Eventing.Reader.EventBookmark","Information",,"Garbage Collection","System.Collections.ObjectModel.ReadOnlyCollection`1[System.String]","System.Collections.Generic.List`1[System.Diagnostics.Eventing.Reader.EventProperty]"
"NTDS (828,D,0) NTDSA: Online defragmentation has completed a full pass on database 'C:\Windows\NTDS\ntds.dit', freeing 0 pages. This pass started on 10/30/2025 and ran for a total of 0 seconds, requiring 1 invocations over 1 days. Since the database was created it has been fully defragmented 50 times.","701","0","0","4","10","0","36028797018963968","349","NTDS ISAM",,"Directory Service","0","0","DC300133071.DC300133071-00.local",,"10/30/2025 11:20:19 AM",,,"Directory Service","System.UInt32[]","System.Diagnostics.Eventing.Reader.EventBookmark","Information","Info","Performance","System.Collections.ObjectModel.ReadOnlyCollection`1[System.String]","System.Collections.Generic.List`1[System.Diagnostics.Eventing.Reader.EventProperty]"
"NTDS (828,D,0) NTDSA: Online defragmentation is beginning a full pass on database 'C:\Windows\NTDS\ntds.dit'.","700","0","0","4","10","0","36028797018963968","348","NTDS ISAM",,"Directory Service","0","0","DC300133071.DC300133071-00.local",,"10/30/2025 11:20:19 AM",,,"Directory Service","System.UInt32[]","System.Diagnostics.Eventing.Reader.EventBookmark","Information","Info","Performance","System.Collections.ObjectModel.ReadOnlyCollection`1[System.String]","System.Collections.Generic.List`1[System.Diagnostics.Eventing.Reader.EventProperty]"
"Internal event: The Address Book hierarchy table has been rebuilt.","1162","0","16384","4","9","0","-9187343239835811840","347","Microsoft-Windows-ActiveDirectory_DomainService","0e8478c5-3605-4e8c-8497-1e730c959516","Directory Service","828","1000","DC300133071.DC300133071-00.local","S-1-5-7","10/30/2025 11:05:19 AM",,,"Directory Service","System.UInt32[]","System.Diagnostics.Eventing.Reader.EventBookmark","Information",,"Internal Processing","System.Collections.ObjectModel.ReadOnlyCollection`1[System.String]","System.Collections.Generic.List`1[System.Diagnostics.Eventing.Reader.EventProperty]"
"The security of this directory server can be significantly enhanced by configuring the server to enforce  validation of Channel Binding Tokens received in LDAP bind requests sent over LDAPS connections. Even if  no clients are issuing LDAP bind requests over LDAPS, configuring the server to validate Channel Binding  Tokens will improve the security of this server. 
 
For more details and information on how to make this configuration change to the server, please see https://go.microsoft.com/fwlink/?linkid=2102405.","3041","0","32768","3","16","0","-9187343239835811840","346","Microsoft-Windows-ActiveDirectory_DomainService","0e8478c5-3605-4e8c-8497-1e730c959516","Directory Service","828","1000","DC300133071.DC300133071-00.local","S-1-5-7","10/30/2025 11:05:19 AM",,,"Directory Service","System.UInt32[]","System.Diagnostics.Eventing.Reader.EventBookmark","Warning",,"LDAP Interface","System.Collections.ObjectModel.ReadOnlyCollection`1[System.String]","System.Collections.Generic.List`1[System.Diagnostics.Eventing.Reader.EventProperty]"
"Internal event: Online Defragment Start succeeded. 
 
Duration in seconds:3600 
","3027","0","16384","4","6","0","-9187343239835811840","345","Microsoft-Windows-ActiveDirectory_DomainService","0e8478c5-3605-4e8c-8497-1e730c959516","Directory Service","828","1000","DC300133071.DC300133071-00.local","S-1-5-7","10/29/2025 11:20:20 PM",,,"Directory Service","System.UInt32[]","System.Diagnostics.Eventing.Reader.EventBookmark","Information",,"Garbage Collection","System.Collections.ObjectModel.ReadOnlyCollection`1[System.String]","System.Collections.Generic.List`1[System.Diagnostics.Eventing.Reader.EventProperty]"
"Internal event: Online Defragment Stop invoked but defrag was not running.","3033","0","16384","4","6","0","-9187343239835811840","344","Microsoft-Windows-ActiveDirectory_DomainService","0e8478c5-3605-4e8c-8497-1e730c959516","Directory Service","828","1000","DC300133071.DC300133071-00.local","S-1-5-7","10/29/2025 11:20:20 PM",,,"Directory Service","System.UInt32[]","System.Diagnostics.Eventing.Reader.EventBookmark","Information",,"Garbage Collection","System.Collections.ObjectModel.ReadOnlyCollection`1[System.String]","System.Collections.Generic.List`1[System.Diagnostics.Eventing.Reader.EventProperty]"
"NTDS (828,D,0) NTDSA: Online defragmentation has completed a full pass on database 'C:\Windows\NTDS\ntds.dit', freeing 0 pages. This pass started on 10/29/2025 and ran for a total of 0 seconds, requiring 1 invocations over 1 days. Since the database was created it has been fully defragmented 49 times.","701","0","0","4","10","0","36028797018963968","343","NTDS ISAM",,"Directory Service","0","0","DC300133071.DC300133071-00.local",,"10/29/2025 11:20:20 PM",,,"Directory Service","System.UInt32[]","System.Diagnostics.Eventing.Reader.EventBookmark","Information","Info","Performance","System.Collections.ObjectModel.ReadOnlyCollection`1[System.String]","System.Collections.Generic.List`1[System.Diagnostics.Eventing.Reader.EventProperty]"
"NTDS (828,D,0) NTDSA: Online defragmentation is beginning a full pass on database 'C:\Windows\NTDS\ntds.dit'.","700","0","0","4","10","0","36028797018963968","342","NTDS ISAM",,"Directory Service","0","0","DC300133071.DC300133071-00.local",,"10/29/2025 11:20:20 PM",,,"Directory Service","System.UInt32[]","System.Diagnostics.Eventing.Reader.EventBookmark","Information","Info","Performance","System.Collections.ObjectModel.ReadOnlyCollection`1[System.String]","System.Collections.Generic.List`1[System.Diagnostics.Eventing.Reader.EventProperty]"
"Internal event: The Address Book hierarchy table has been rebuilt.","1162","0","16384","4","9","0","-9187343239835811840","341","Microsoft-Windows-ActiveDirectory_DomainService","0e8478c5-3605-4e8c-8497-1e730c959516","Directory Service","828","1000","DC300133071.DC300133071-00.local","S-1-5-7","10/29/2025 11:05:20 PM",,,"Directory Service","System.UInt32[]","System.Diagnostics.Eventing.Reader.EventBookmark","Information",,"Internal Processing","System.Collections.ObjectModel.ReadOnlyCollection`1[System.String]","System.Collections.Generic.List`1[System.Diagnostics.Eventing.Reader.EventProperty]"
"Internal event: Online Defragment Start succeeded. 
 
Duration in seconds:3600 
","3027","0","16384","4","6","0","-9187343239835811840","340","Microsoft-Windows-ActiveDirectory_DomainService","0e8478c5-3605-4e8c-8497-1e730c959516","Directory Service","828","1000","DC300133071.DC300133071-00.local","S-1-5-7","10/29/2025 11:20:21 AM",,,"Directory Service","System.UInt32[]","System.Diagnostics.Eventing.Reader.EventBookmark","Information",,"Garbage Collection","System.Collections.ObjectModel.ReadOnlyCollection`1[System.String]","System.Collections.Generic.List`1[System.Diagnostics.Eventing.Reader.EventProperty]"
